{
  "hash": "4697a560",
  "configHash": "86ed7117",
  "lockfileHash": "94bc186c",
  "browserHash": "aeed8029",
  "optimized": {
    "@angular/common": {
      "src": "../../../../../../node_modules/@angular/common/fesm2022/common.mjs",
      "file": "@angular_common.js",
      "fileHash": "b09cd417",
      "needsInterop": false
    },
    "@angular/common/http": {
      "src": "../../../../../../node_modules/@angular/common/fesm2022/http.mjs",
      "file": "@angular_common_http.js",
      "fileHash": "1e58fdaf",
      "needsInterop": false
    },
    "@angular/core": {
      "src": "../../../../../../node_modules/@angular/core/fesm2022/core.mjs",
      "file": "@angular_core.js",
      "fileHash": "3568e7fd",
      "needsInterop": false
    },
    "@angular/forms": {
      "src": "../../../../../../node_modules/@angular/forms/fesm2022/forms.mjs",
      "file": "@angular_forms.js",
      "fileHash": "bbc7ada6",
      "needsInterop": false
    },
    "@angular/platform-browser": {
      "src": "../../../../../../node_modules/@angular/platform-browser/fesm2022/platform-browser.mjs",
      "file": "@angular_platform-browser.js",
      "fileHash": "4ec0d73e",
      "needsInterop": false
    },
    "@angular/platform-server": {
      "src": "../../../../../../node_modules/@angular/platform-server/fesm2022/platform-server.mjs",
      "file": "@angular_platform-server.js",
      "fileHash": "e5891a67",
      "needsInterop": false
    },
    "@angular/router": {
      "src": "../../../../../../node_modules/@angular/router/fesm2022/router.mjs",
      "file": "@angular_router.js",
      "fileHash": "53541e83",
      "needsInterop": false
    },
    "rxjs": {
      "src": "../../../../../../node_modules/rxjs/dist/cjs/index.js",
      "file": "rxjs.js",
      "fileHash": "080e6a1b",
      "needsInterop": true
    },
    "rxjs/operators": {
      "src": "../../../../../../node_modules/rxjs/dist/cjs/operators/index.js",
      "file": "rxjs_operators.js",
      "fileHash": "6f4b2dec",
      "needsInterop": true
    }
  },
  "chunks": {
    "xhr2-ISERFGGE": {
      "file": "xhr2-ISERFGGE.js"
    },
    "chunk-J636775T": {
      "file": "chunk-J636775T.js"
    },
    "chunk-2L4WSVHG": {
      "file": "chunk-2L4WSVHG.js"
    },
    "chunk-3NHSBHSE": {
      "file": "chunk-3NHSBHSE.js"
    },
    "chunk-ZNLGWT4J": {
      "file": "chunk-ZNLGWT4J.js"
    },
    "chunk-5IW5ZEPE": {
      "file": "chunk-5IW5ZEPE.js"
    },
    "chunk-UOPINYA3": {
      "file": "chunk-UOPINYA3.js"
    },
    "chunk-RPWZ4CMX": {
      "file": "chunk-RPWZ4CMX.js"
    },
    "chunk-NQ4HTGF6": {
      "file": "chunk-NQ4HTGF6.js"
    }
  }
}