{
  "hash": "b1abdec9",
  "configHash": "bf62a61a",
  "lockfileHash": "94bc186c",
  "browserHash": "b5687250",
  "optimized": {
    "@angular/common": {
      "src": "../../../../../../node_modules/@angular/common/fesm2022/common.mjs",
      "file": "@angular_common.js",
      "fileHash": "d584a977",
      "needsInterop": false
    },
    "@angular/common/http": {
      "src": "../../../../../../node_modules/@angular/common/fesm2022/http.mjs",
      "file": "@angular_common_http.js",
      "fileHash": "02f4d68c",
      "needsInterop": false
    },
    "@angular/core": {
      "src": "../../../../../../node_modules/@angular/core/fesm2022/core.mjs",
      "file": "@angular_core.js",
      "fileHash": "082e9667",
      "needsInterop": false
    },
    "@angular/forms": {
      "src": "../../../../../../node_modules/@angular/forms/fesm2022/forms.mjs",
      "file": "@angular_forms.js",
      "fileHash": "a0c285cb",
      "needsInterop": false
    },
    "@angular/platform-browser": {
      "src": "../../../../../../node_modules/@angular/platform-browser/fesm2022/platform-browser.mjs",
      "file": "@angular_platform-browser.js",
      "fileHash": "73f483da",
      "needsInterop": false
    },
    "@angular/router": {
      "src": "../../../../../../node_modules/@angular/router/fesm2022/router.mjs",
      "file": "@angular_router.js",
      "fileHash": "79770a7d",
      "needsInterop": false
    },
    "rxjs": {
      "src": "../../../../../../node_modules/rxjs/dist/esm5/index.js",
      "file": "rxjs.js",
      "fileHash": "8c24c40a",
      "needsInterop": false
    },
    "rxjs/operators": {
      "src": "../../../../../../node_modules/rxjs/dist/esm5/operators/index.js",
      "file": "rxjs_operators.js",
      "fileHash": "09eeb443",
      "needsInterop": false
    }
  },
  "chunks": {
    "chunk-4W4ZDMMN": {
      "file": "chunk-4W4ZDMMN.js"
    },
    "chunk-MUJQH7QE": {
      "file": "chunk-MUJQH7QE.js"
    },
    "chunk-3BKIY7M2": {
      "file": "chunk-3BKIY7M2.js"
    },
    "chunk-MJLRC3IY": {
      "file": "chunk-MJLRC3IY.js"
    },
    "chunk-ZILRDZYF": {
      "file": "chunk-ZILRDZYF.js"
    },
    "chunk-HHDBSK6W": {
      "file": "chunk-HHDBSK6W.js"
    },
    "chunk-32LHFCYG": {
      "file": "chunk-32LHFCYG.js"
    }
  }
}